compositeID,commit_before,commit_after,element,smellTypes,project
effect-1563,429c142097888b459a68d55836506d79609c1aa1,400c63820a33187544ba5076957016be459bb9ee,integration.tests.JoinCollectionAndMapIT.should_persist_join_collection_and_map,"['FeatureEnvy', 'LongMethod', 'MessageChain']",achilles
effect-234,1b318a23db0f48d2ce59806e6b26b5b52e57b4d6,7892f827504b6a51228ed79a054d936bdc330000,"info.archinnov.achilles.internal.statement.prepared.PreparedStatementBinder.bindForCollectionAndMapUpdate([PersistentStateHolder, PreparedStatement, DirtyCheckChangeSet])","['FeatureEnvy', 'LongMethod', 'MessageChain', 'ShotgunSurgery']",achilles
effect-193,655279b97d1f0336caaacb16f0298cb1a638e746,c7854d6b37b5d6b7425dfbe4e6b35a045a52de3e,"com.koushikdutta.async.http.SocketIOClient.connect([AsyncHttpClient, SocketIORequest, SocketIOConnectCallback])",['LongMethod'],androidasync
effect-193,655279b97d1f0336caaacb16f0298cb1a638e746,c7854d6b37b5d6b7425dfbe4e6b35a045a52de3e,"com.koushikdutta.async.http.SocketIOClient.attach([SocketIOConnectCallback, FutureImpl])","['FeatureEnvy', 'LongMethod', 'DispersedCoupling']",androidasync
effect-193,0249f29c1bb8037b72f860b12295dcbfb15d6f28,54aa882d7defa633c341d67e5324cef5d416eac6,"com.koushikdutta.async.http.SocketIOClient.connect([AsyncHttpClient, String, SocketIOConnectCallback])",['LongMethod'],androidasync
effect-193,4fd132ba0f8c11f33c49372a074e6d0a6e9a4a0a,6a66a9bbe058d0a345ceb94c6efd0209e4dabaca,"com.koushikdutta.async.http.SocketIOClient.connect([AsyncHttpClient, String, SocketIOConnectCallback])",['LongMethod'],androidasync
effect-1849,465dcc58c03c6d599f3a49264518416a7a608346,e38b9bcd1477f0e642a0a86a273a168c2179b871,"org.geoserver.importer.rest.ImportController.createImport([Long, ImportContext, boolean, boolean])","['FeatureEnvy', 'LongMethod', 'LongParameterList', 'IntensiveCoupling']",geoserver
effect-1376,ab7786be4a8d9f3136772548ad0116b4bab7d8f5,5424f5bf6384869a7e629d775230a4d4bb3cbb75,"org.geoserver.rest.catalog.DataStoreFileController.dataStoresGet([String, String])","['FeatureEnvy', 'LongMethod', 'IntensiveCoupling']",geoserver
effect-2135,280b9d13a0971b640fa388c4c88e182b93b6858c,4f059e564329b134cb5dc10021b09fc120c9117b,org.geoserver.gwc.layer.GeoServerTileLayer.getBounds([SRS]),['LongMethod'],geoserver
effect-2347,ab7786be4a8d9f3136772548ad0116b4bab7d8f5,5424f5bf6384869a7e629d775230a4d4bb3cbb75,org.geoserver.wms.kvp.PALFileLoader.PALFileLoader([Resource]),['LongMethod'],geoserver
effect-60,7c33691135b96281bccbe063f247b858515f394f,6b857d094f86236e0e75afdf159d6b5142b34e31,"com.netflix.hystrix.contrib.sample.stream.HystrixConfigSseServlet.handleRequest([HttpServletRequest, HttpServletResponse])",['LongMethod'],hystrix
effect-60,7c33691135b96281bccbe063f247b858515f394f,6b857d094f86236e0e75afdf159d6b5142b34e31,"com.netflix.hystrix.contrib.sample.stream.HystrixUtilizationSseServlet.handleRequest([HttpServletRequest, HttpServletResponse])",['LongMethod'],hystrix
effect-60,c0d6d6c85daf60ea9568e88665ba84a571dee1a7,e712bb7c69c18f2acd572650a3364a0869196337,"com.netflix.hystrix.contrib.sample.stream.HystrixSampleSseServlet.handleRequest([HttpServletRequest, HttpServletResponse])","['FeatureEnvy', 'LongMethod', 'IntensiveCoupling']",hystrix
effect-399,3404ae10f1ebe98a3a4309f6bef93fcae6db2305,da0028794739248c5127125c88a2e84170538cd3,com.netflix.hystrix.HystrixCommand.execute,"['FeatureEnvy', 'LongMethod', 'IntensiveCoupling']",hystrix
effect-399,ac613585b9cca0175fb95298aef6fa54d346cf19,8e0a43c3b1cff012dd4096443d1260242c5be646,"com.netflix.hystrix.HystrixCommand.toObservable([Scheduler, boolean])","['FeatureEnvy', 'LongMethod', 'IntensiveCoupling']",hystrix
effect-399,52104a88a4d7a1ad20758f6e66c9704bb8ac9f1b,e8f1e1692a0140410a69fe5699ade5cf050eefca,com.netflix.hystrix.HystrixCommand.queue,['LongMethod'],hystrix
effect-399,52104a88a4d7a1ad20758f6e66c9704bb8ac9f1b,e8f1e1692a0140410a69fe5699ade5cf050eefca,"com.netflix.hystrix.HystrixCommand.toObservable([Scheduler, boolean])","['FeatureEnvy', 'LongMethod', 'IntensiveCoupling']",hystrix
effect-156,3e8cb9418f3715cbb52e468ee4443ecfb01fb03a,2ff16ff5c732cf0c81295eef7f0f86c82b136ea1,com.netflix.hystrix.metric.HystrixCommandEventStreamTest.multipleMultiThreadedRequests,"['FeatureEnvy', 'LongMethod']",hystrix
effect-156,86c37f10de377006b7361813155dcced297cd45c,757c3895b3ac30e81bceae7ba19d6ed6cea50eef,com.netflix.hystrix.metric.HystrixCommandEventStreamTest.multipleSingleThreadedRequests,['LongMethod'],hystrix
effect-156,86c37f10de377006b7361813155dcced297cd45c,757c3895b3ac30e81bceae7ba19d6ed6cea50eef,com.netflix.hystrix.metric.HystrixCommandEventStreamTest.multipleMultiThreadedRequests,['LongMethod'],hystrix
effect-156,3e8cb9418f3715cbb52e468ee4443ecfb01fb03a,2ff16ff5c732cf0c81295eef7f0f86c82b136ea1,com.netflix.hystrix.metric.HystrixCommandEventStreamTest.multipleSingleThreadedRequests,"['FeatureEnvy', 'LongMethod']",hystrix
effect-156,3e8cb9418f3715cbb52e468ee4443ecfb01fb03a,2ff16ff5c732cf0c81295eef7f0f86c82b136ea1,com.netflix.hystrix.metric.HystrixCommandEventStreamTest.testMultipleSubscribers,"['FeatureEnvy', 'LongMethod']",hystrix
effect-1,255a569b65fc850dd0394acfa003d6b63c6a2308,840e63c63d5c79d6bf719e3743c347cbcb1f4bee,com.netflix.hystrix.UnsubscribedTasksRequestCacheTest.testOneCommandIsUnsubscribed,"['FeatureEnvy', 'LongMethod']",hystrix
effect-132,3d180d324f583174d9575840525fc8bd1e8678d0,f20b8ff641cbf6da18f9770a429a731b8e788702,com.netflix.hystrix.contrib.servopublisher.HystrixServoMetricsPublisherCollapser.getServoMonitors,"['FeatureEnvy', 'LongMethod']",hystrix
effect-84,7b54e5f3c6a0604a9dd7419534e86b7e534f66af,bd40f20464c17602eab0c843f54dd7954cdbf8b9,com.netflix.hystrix.HystrixCommandTest.testRejectedThreadWithFallbackFailure,['LongMethod'],hystrix
effect-84,ef3735f65b17552a33392b9a27af1f4347a265ec,281add500556b90c52aa5bbea349204deb435fbc,com.netflix.hystrix.HystrixCommandTest.testRejectedThreadWithNoFallback,"['FeatureEnvy', 'LongMethod', 'MessageChain', 'DispersedCoupling']",hystrix
effect-84,04ce80153924dacaed3e4bb8ee8fa6634e58231d,8e50980bc40e246bc3ee0996f0c3be675a640d8a,com.netflix.hystrix.HystrixCommandTest.testRejectedThreadWithFallbackFailure,['LongMethod'],hystrix
effect-84,2b295add9c60c96499c36968c56eb4381eacd16d,d7cff232aea0f5ecd827be6812366ed6c177d759,com.netflix.hystrix.HystrixCommandTest.testObservableTimeoutNoFallbackThreadContext,"['FeatureEnvy', 'LongMethod', 'MessageChain']",hystrix
effect-84,2b295add9c60c96499c36968c56eb4381eacd16d,d7cff232aea0f5ecd827be6812366ed6c177d759,com.netflix.hystrix.HystrixCommandTest.testExecutionKnownFailureWithNoFallback,"['FeatureEnvy', 'LongMethod', 'MessageChain']",hystrix
effect-84,04ce80153924dacaed3e4bb8ee8fa6634e58231d,8e50980bc40e246bc3ee0996f0c3be675a640d8a,com.netflix.hystrix.HystrixCommandTest.testCircuitBreakerAcrossMultipleCommandsButSameCircuitBreaker,"['FeatureEnvy', 'LongMethod']",hystrix
effect-84,863d7ab54ad6f91a865ee05cc0111a6fb08e03cf,3f697be05876bb4b3213fa06eb0d1ea3af2f5da6,com.netflix.hystrix.HystrixCommandTest.testExecutionHookThreadPoolQueueFullUnsuccessfulFallback,['LongMethod'],hystrix
effect-84,05ce2a10981606744f658a40c536b457c83e5cd2,d7de465f6b815ef932cad1bc66cee250a8a863c7,com.netflix.hystrix.HystrixCommandTest.testExecutionHookThreadPoolQueueFullUnsuccessfulFallback,['LongMethod'],hystrix
effect-84,5601488a877cf64d0110e85f62008f4f95619d3a,09949d6ead2b7a95b8c528da50d52a9392b8611c,com.netflix.hystrix.HystrixCommandTest.testRejectedThreadWithFallbackFailure,"['FeatureEnvy', 'LongMethod', 'MessageChain', 'DispersedCoupling']",hystrix
effect-84,e4a7a4aa4b984c400de7fc413abe3063132e4ed5,110b6fe3aff63cdec5b00900023ce87147473629,com.netflix.hystrix.HystrixCommandTest.testExecutionSemaphoreWithExecution,"['FeatureEnvy', 'LongMethod']",hystrix
effect-84,157e79669533fa6549090e083914359120269b02,a305f235ebd1a2e8c466886e1d187cf664beea58,com.netflix.hystrix.HystrixCommandTest.testRejectedExecutionSemaphoreWithFallback,"['FeatureEnvy', 'LongMethod', 'MessageChain']",hystrix
effect-84,863d7ab54ad6f91a865ee05cc0111a6fb08e03cf,3f697be05876bb4b3213fa06eb0d1ea3af2f5da6,com.netflix.hystrix.HystrixCommandTest.testExecutionHookThreadTimeoutUnsuccessfulFallbackRunSuccess,['LongMethod'],hystrix
effect-84,863d7ab54ad6f91a865ee05cc0111a6fb08e03cf,3f697be05876bb4b3213fa06eb0d1ea3af2f5da6,com.netflix.hystrix.HystrixCommandTest.testExecutionHookThreadTimeoutNoFallbackRunSuccess,['LongMethod'],hystrix
effect-84,ef3735f65b17552a33392b9a27af1f4347a265ec,281add500556b90c52aa5bbea349204deb435fbc,com.netflix.hystrix.HystrixCommandTest.testRejectedThreadWithFallbackFailure,"['FeatureEnvy', 'LongMethod', 'MessageChain']",hystrix
effect-84,6ab45a917991212dce98f209af6aa4f32bb1251a,b0d986944ec5805171d477ee429446c83e54d1ab,com.netflix.hystrix.HystrixCommandTest.testOnRunStartHookThrows,['LongMethod'],hystrix
effect-84,e4a7a4aa4b984c400de7fc413abe3063132e4ed5,110b6fe3aff63cdec5b00900023ce87147473629,com.netflix.hystrix.HystrixCommandTest.testExecutionSemaphoreWithQueue,"['FeatureEnvy', 'LongMethod']",hystrix
effect-84,deacde2fea889ddcf650e19406dc137a2a12eaeb,261f6954493a14f0de9e3f37a41cf13b04c26794,com.netflix.hystrix.HystrixCommandTest.testRequestCache2,"['FeatureEnvy', 'LongMethod', 'MessageChain']",hystrix
effect-84,e4a7a4aa4b984c400de7fc413abe3063132e4ed5,110b6fe3aff63cdec5b00900023ce87147473629,com.netflix.hystrix.HystrixCommandTest.testShortCircuitFallbackCounter,"['FeatureEnvy', 'LongMethod']",hystrix
effect-84,863d7ab54ad6f91a865ee05cc0111a6fb08e03cf,3f697be05876bb4b3213fa06eb0d1ea3af2f5da6,com.netflix.hystrix.HystrixCommandTest.testExecutionHookThreadTimeoutSuccessfulFallbackRunFailure,['LongMethod'],hystrix
effect-84,863d7ab54ad6f91a865ee05cc0111a6fb08e03cf,3f697be05876bb4b3213fa06eb0d1ea3af2f5da6,com.netflix.hystrix.HystrixCommandTest.testExecutionHookSemaphoreRejectedUnsuccessfulFallback,['LongMethod'],hystrix
effect-84,5601488a877cf64d0110e85f62008f4f95619d3a,09949d6ead2b7a95b8c528da50d52a9392b8611c,com.netflix.hystrix.HystrixCommandTest.testRejectedThreadWithFallback,"['FeatureEnvy', 'LongMethod', 'MessageChain']",hystrix
effect-84,863d7ab54ad6f91a865ee05cc0111a6fb08e03cf,3f697be05876bb4b3213fa06eb0d1ea3af2f5da6,com.netflix.hystrix.HystrixCommandTest.testExecutionHookThreadTimeoutSuccessfulFallbackRunSuccess,['LongMethod'],hystrix
effect-84,04ce80153924dacaed3e4bb8ee8fa6634e58231d,8e50980bc40e246bc3ee0996f0c3be675a640d8a,com.netflix.hystrix.HystrixCommandTest.testObservableTimeoutNoFallbackThreadContext,"['LongMethod', 'MessageChain']",hystrix
effect-84,e4a7a4aa4b984c400de7fc413abe3063132e4ed5,110b6fe3aff63cdec5b00900023ce87147473629,com.netflix.hystrix.HystrixCommandTest.testRequestCacheOnTimeoutCausesNullPointerException,"['FeatureEnvy', 'LongMethod']",hystrix
effect-84,863d7ab54ad6f91a865ee05cc0111a6fb08e03cf,3f697be05876bb4b3213fa06eb0d1ea3af2f5da6,com.netflix.hystrix.HystrixCommandTest.testExecutionHookSemaphoreRejectedSuccessfulFallback,['LongMethod'],hystrix
effect-84,81ad2eb6ad92a25d1b0464439a6cc8b9fa49844c,0de7e1b1a4e0be8f11d5395d4509dde069fc29bc,com.netflix.hystrix.HystrixCommandTest.testRejectedThreadWithFallbackFailure,"['LongMethod', 'DispersedCoupling']",hystrix
effect-84,deacde2fea889ddcf650e19406dc137a2a12eaeb,261f6954493a14f0de9e3f37a41cf13b04c26794,com.netflix.hystrix.HystrixCommandTest.testNoRequestCache3,"['FeatureEnvy', 'LongMethod', 'MessageChain']",hystrix
effect-84,dafbded9beb309bd959270d1523be6febaf77bfa,d885372c6ad77a32cb0edbfd0333a0fa8bcf3285,com.netflix.hystrix.HystrixCommandTest.testEarlyUnsubscribeDuringExecution,"['FeatureEnvy', 'LongMethod']",hystrix
effect-84,863d7ab54ad6f91a865ee05cc0111a6fb08e03cf,3f697be05876bb4b3213fa06eb0d1ea3af2f5da6,com.netflix.hystrix.HystrixCommandTest.testExecutionHookThreadTimeoutNoFallbackRunFailure,['LongMethod'],hystrix
effect-84,863d7ab54ad6f91a865ee05cc0111a6fb08e03cf,3f697be05876bb4b3213fa06eb0d1ea3af2f5da6,com.netflix.hystrix.HystrixCommandTest.testExecutionHookThreadTimeoutUnsuccessfulFallbackRunFailure,['LongMethod'],hystrix
effect-84,ef3735f65b17552a33392b9a27af1f4347a265ec,281add500556b90c52aa5bbea349204deb435fbc,com.netflix.hystrix.HystrixCommandTest.testRejectedThreadWithFallback,"['FeatureEnvy', 'LongMethod', 'MessageChain']",hystrix
effect-84,863d7ab54ad6f91a865ee05cc0111a6fb08e03cf,3f697be05876bb4b3213fa06eb0d1ea3af2f5da6,com.netflix.hystrix.HystrixCommandTest.testExecutionHookSemaphoreRejectedNoFallback,['LongMethod'],hystrix
effect-84,ef3735f65b17552a33392b9a27af1f4347a265ec,281add500556b90c52aa5bbea349204deb435fbc,com.netflix.hystrix.HystrixCommandTest.testTimedOutCommandDoesNotExecute,"['FeatureEnvy', 'LongMethod', 'MessageChain']",hystrix
effect-84,863d7ab54ad6f91a865ee05cc0111a6fb08e03cf,3f697be05876bb4b3213fa06eb0d1ea3af2f5da6,com.netflix.hystrix.HystrixCommandTest.testExecutionHookThreadPoolQueueFullNoFallback,['LongMethod'],hystrix
effect-84,05ce2a10981606744f658a40c536b457c83e5cd2,d7de465f6b815ef932cad1bc66cee250a8a863c7,com.netflix.hystrix.HystrixCommandTest.testExecutionHookThreadPoolQueueFullNoFallback,['LongMethod'],hystrix
effect-84,ef3735f65b17552a33392b9a27af1f4347a265ec,281add500556b90c52aa5bbea349204deb435fbc,com.netflix.hystrix.HystrixCommandTest.testRejectedThreadUsingQueueSize,"['FeatureEnvy', 'LongMethod', 'MessageChain', 'DispersedCoupling']",hystrix
effect-84,281add500556b90c52aa5bbea349204deb435fbc,12873a672ed5b48cd62cf39cd04d3ad7af089bd4,com.netflix.hystrix.HystrixCommandTest.testExecutionHookSempahoreRejectedSuccessfulFallback,['LongMethod'],hystrix
effect-84,deacde2fea889ddcf650e19406dc137a2a12eaeb,261f6954493a14f0de9e3f37a41cf13b04c26794,com.netflix.hystrix.HystrixCommandTest.testRequestCache1,"['FeatureEnvy', 'LongMethod', 'MessageChain']",hystrix
effect-84,deacde2fea889ddcf650e19406dc137a2a12eaeb,261f6954493a14f0de9e3f37a41cf13b04c26794,com.netflix.hystrix.HystrixCommandTest.testRequestCache3,"['FeatureEnvy', 'LongMethod', 'MessageChain']",hystrix
effect-85,157e79669533fa6549090e083914359120269b02,a305f235ebd1a2e8c466886e1d187cf664beea58,com.netflix.hystrix.HystrixObservableCommandTest.testExecutionKnownFailureWithNoFallback,"['FeatureEnvy', 'LongMethod', 'MessageChain']",hystrix
effect-85,863d7ab54ad6f91a865ee05cc0111a6fb08e03cf,3f697be05876bb4b3213fa06eb0d1ea3af2f5da6,com.netflix.hystrix.HystrixObservableCommandTest.testObservableTimeoutFallbackThreadContext,"['FeatureEnvy', 'LongMethod', 'MessageChain']",hystrix
effect-85,863d7ab54ad6f91a865ee05cc0111a6fb08e03cf,3f697be05876bb4b3213fa06eb0d1ea3af2f5da6,com.netflix.hystrix.HystrixObservableCommandTest.testExecutionHookThreadTimeoutSuccessfulFallbackRunFailure,['LongMethod'],hystrix
effect-85,157e79669533fa6549090e083914359120269b02,a305f235ebd1a2e8c466886e1d187cf664beea58,com.netflix.hystrix.HystrixObservableCommandTest.testQueueKnownFailureWithNoFallback,"['FeatureEnvy', 'LongMethod', 'MessageChain', 'IntensiveCoupling']",hystrix
effect-85,863d7ab54ad6f91a865ee05cc0111a6fb08e03cf,3f697be05876bb4b3213fa06eb0d1ea3af2f5da6,com.netflix.hystrix.HystrixObservableCommandTest.testExecutionTimeoutWithNoFallback([ExecutionIsolationStrategy]),"['FeatureEnvy', 'LongMethod', 'MessageChain', 'IntensiveCoupling']",hystrix
effect-85,11ec330d40ec44d838ee09b459b7dee279215c21,863d7ab54ad6f91a865ee05cc0111a6fb08e03cf,com.netflix.hystrix.HystrixObservableCommandTest.testExecutionPartialSuccessWithFallback,"['FeatureEnvy', 'LongMethod', 'MessageChain']",hystrix
effect-85,863d7ab54ad6f91a865ee05cc0111a6fb08e03cf,3f697be05876bb4b3213fa06eb0d1ea3af2f5da6,com.netflix.hystrix.HystrixObservableCommandTest.testExecutionTimeoutWithNoFallbackUsingSemaphoreIsolation,"['FeatureEnvy', 'LongMethod', 'MessageChain', 'IntensiveCoupling']",hystrix
effect-85,863d7ab54ad6f91a865ee05cc0111a6fb08e03cf,3f697be05876bb4b3213fa06eb0d1ea3af2f5da6,com.netflix.hystrix.HystrixObservableCommandTest.testExecutionHookThreadTimeoutUnsuccessfulFallbackRunFailure,['LongMethod'],hystrix
effect-85,863d7ab54ad6f91a865ee05cc0111a6fb08e03cf,3f697be05876bb4b3213fa06eb0d1ea3af2f5da6,com.netflix.hystrix.HystrixObservableCommandTest.testExecutionTimeoutFallbackFailureUsingSemaphoreIsolation,"['FeatureEnvy', 'LongMethod', 'MessageChain', 'DispersedCoupling']",hystrix
effect-85,e4a7a4aa4b984c400de7fc413abe3063132e4ed5,110b6fe3aff63cdec5b00900023ce87147473629,com.netflix.hystrix.HystrixObservableCommandTest.testExecutionSemaphoreWithExecution,"['FeatureEnvy', 'LongMethod', 'MessageChain']",hystrix
effect-85,863d7ab54ad6f91a865ee05cc0111a6fb08e03cf,3f697be05876bb4b3213fa06eb0d1ea3af2f5da6,com.netflix.hystrix.HystrixObservableCommandTest.testObservableTimeoutNoFallbackThreadContext,"['FeatureEnvy', 'LongMethod', 'MessageChain']",hystrix
effect-85,deacde2fea889ddcf650e19406dc137a2a12eaeb,261f6954493a14f0de9e3f37a41cf13b04c26794,com.netflix.hystrix.HystrixObservableCommandTest.testRequestCache1UsingThreadIsolation,"['FeatureEnvy', 'LongMethod', 'MessageChain']",hystrix
effect-85,863d7ab54ad6f91a865ee05cc0111a6fb08e03cf,3f697be05876bb4b3213fa06eb0d1ea3af2f5da6,com.netflix.hystrix.HystrixObservableCommandTest.testExecutionHookSemaphoreRejectedNoFallback,['LongMethod'],hystrix
effect-85,863d7ab54ad6f91a865ee05cc0111a6fb08e03cf,3f697be05876bb4b3213fa06eb0d1ea3af2f5da6,com.netflix.hystrix.HystrixObservableCommandTest.testExecutionHookThreadPoolQueueFullNoFallback,['LongMethod'],hystrix
effect-85,863d7ab54ad6f91a865ee05cc0111a6fb08e03cf,3f697be05876bb4b3213fa06eb0d1ea3af2f5da6,com.netflix.hystrix.HystrixObservableCommandTest.testExecutionHookThreadPoolQueueFullUnsuccessfulFallback,['LongMethod'],hystrix
effect-85,863d7ab54ad6f91a865ee05cc0111a6fb08e03cf,3f697be05876bb4b3213fa06eb0d1ea3af2f5da6,com.netflix.hystrix.HystrixObservableCommandTest.testExecutionHookSemaphoreRejectedSuccessfulFallback,['LongMethod'],hystrix
effect-85,04ce80153924dacaed3e4bb8ee8fa6634e58231d,8e50980bc40e246bc3ee0996f0c3be675a640d8a,com.netflix.hystrix.HystrixObservableCommandTest.testObservableTimeoutNoFallbackThreadContext,"['FeatureEnvy', 'LongMethod', 'MessageChain']",hystrix
effect-85,863d7ab54ad6f91a865ee05cc0111a6fb08e03cf,3f697be05876bb4b3213fa06eb0d1ea3af2f5da6,com.netflix.hystrix.HystrixObservableCommandTest.testCircuitBreakerOnExecutionTimeout,"['FeatureEnvy', 'LongMethod', 'MessageChain']",hystrix
effect-85,863d7ab54ad6f91a865ee05cc0111a6fb08e03cf,3f697be05876bb4b3213fa06eb0d1ea3af2f5da6,"com.netflix.hystrix.HystrixObservableCommandTest.testObserveUnknownFailureWithNoFallback([ExecutionIsolationStrategy, boolean])","['FeatureEnvy', 'LongMethod', 'MessageChain']",hystrix
effect-85,deacde2fea889ddcf650e19406dc137a2a12eaeb,261f6954493a14f0de9e3f37a41cf13b04c26794,com.netflix.hystrix.HystrixObservableCommandTest.testRequestCache2UsingThreadIsolation,"['FeatureEnvy', 'LongMethod', 'MessageChain']",hystrix
effect-85,863d7ab54ad6f91a865ee05cc0111a6fb08e03cf,3f697be05876bb4b3213fa06eb0d1ea3af2f5da6,"com.netflix.hystrix.HystrixObservableCommandTest.testObserveKnownFailureWithNoFallback([ExecutionIsolationStrategy, boolean])","['FeatureEnvy', 'LongMethod', 'MessageChain']",hystrix
effect-85,deacde2fea889ddcf650e19406dc137a2a12eaeb,261f6954493a14f0de9e3f37a41cf13b04c26794,com.netflix.hystrix.HystrixObservableCommandTest.testRequestCache3UsingThreadIsolation,"['FeatureEnvy', 'LongMethod', 'MessageChain']",hystrix
effect-85,863d7ab54ad6f91a865ee05cc0111a6fb08e03cf,3f697be05876bb4b3213fa06eb0d1ea3af2f5da6,com.netflix.hystrix.HystrixObservableCommandTest.testExecutionHookThreadTimeoutUnsuccessfulFallbackRunSuccess,['LongMethod'],hystrix
effect-85,863d7ab54ad6f91a865ee05cc0111a6fb08e03cf,3f697be05876bb4b3213fa06eb0d1ea3af2f5da6,"com.netflix.hystrix.HystrixObservableCommandTest.testObserveFailureWithTimeoutAndFallback([ExecutionIsolationStrategy, int])","['FeatureEnvy', 'LongMethod', 'MessageChain']",hystrix
effect-85,dafbded9beb309bd959270d1523be6febaf77bfa,d885372c6ad77a32cb0edbfd0333a0fa8bcf3285,com.netflix.hystrix.HystrixObservableCommandTest.testEarlyUnsubscribeDuringExecution,"['FeatureEnvy', 'LongMethod']",hystrix
effect-85,863d7ab54ad6f91a865ee05cc0111a6fb08e03cf,3f697be05876bb4b3213fa06eb0d1ea3af2f5da6,com.netflix.hystrix.HystrixObservableCommandTest.testCountersOnExecutionTimeout,"['FeatureEnvy', 'LongMethod', 'MessageChain']",hystrix
effect-85,863d7ab54ad6f91a865ee05cc0111a6fb08e03cf,3f697be05876bb4b3213fa06eb0d1ea3af2f5da6,com.netflix.hystrix.HystrixObservableCommandTest.testObserveSuccess([ExecutionIsolationStrategy]),"['FeatureEnvy', 'LongMethod', 'MessageChain']",hystrix
effect-85,863d7ab54ad6f91a865ee05cc0111a6fb08e03cf,3f697be05876bb4b3213fa06eb0d1ea3af2f5da6,com.netflix.hystrix.HystrixObservableCommandTest.testExecutionHookSemaphoreRejectedUnsuccessfulFallback,['LongMethod'],hystrix
effect-85,deacde2fea889ddcf650e19406dc137a2a12eaeb,261f6954493a14f0de9e3f37a41cf13b04c26794,com.netflix.hystrix.HystrixObservableCommandTest.testNoRequestCache3UsingThreadIsolation,"['FeatureEnvy', 'LongMethod', 'MessageChain']",hystrix
effect-85,863d7ab54ad6f91a865ee05cc0111a6fb08e03cf,3f697be05876bb4b3213fa06eb0d1ea3af2f5da6,com.netflix.hystrix.HystrixObservableCommandTest.testExecutionHookThreadTimeoutNoFallbackRunFailure,['LongMethod'],hystrix
effect-85,863d7ab54ad6f91a865ee05cc0111a6fb08e03cf,3f697be05876bb4b3213fa06eb0d1ea3af2f5da6,com.netflix.hystrix.HystrixObservableCommandTest.testExecutionHookThreadTimeoutNoFallbackRunSuccess,['LongMethod'],hystrix
effect-85,863d7ab54ad6f91a865ee05cc0111a6fb08e03cf,3f697be05876bb4b3213fa06eb0d1ea3af2f5da6,com.netflix.hystrix.HystrixObservableCommandTest.testExecutionHookThreadTimeoutSuccessfulFallbackRunSuccess,['LongMethod'],hystrix
effect-85,863d7ab54ad6f91a865ee05cc0111a6fb08e03cf,3f697be05876bb4b3213fa06eb0d1ea3af2f5da6,"com.netflix.hystrix.HystrixObservableCommandTest.testObserveFailureWithFallbackFailure([ExecutionIsolationStrategy, boolean, boolean])","['FeatureEnvy', 'LongMethod', 'MessageChain']",hystrix
effect-178,520e941aef9974fa141b35b412639ccdf2f5a936,93ac53543f6c272342d6e02d3134671c7f92f95f,com.netflix.hystrix.contrib.servopublisher.HystrixServoMetricsPublisherCommandAbstract.getRollingNumberTypeFromEventType([HystrixEventType]),['LongMethod'],hystrix
effect-178,8ba858a87ce7c0732fa7d82abb410f9d7c596291,5a5202bdf88929d31fbdb117340cb2cbe094851c,com.netflix.hystrix.contrib.servopublisher.HystrixServoMetricsPublisherCommand.getRollingNumberTypeFromEventType([HystrixEventType]),['LongMethod'],hystrix
effect-252,8541fd178ef46ca7181d3680a1a9a111833b070b,5f52afa634ea1d9afdb076103b811ab87d1aebc7,com.chrisnewland.jitwatch.ui.JITWatchUI.start([Stage]),"['LongMethod', 'MessageChain', 'IntensiveCoupling']",jitwatch
effect-252,333c73b325e60a3f58de9b859f5e92b0473525ab,6c779380f02714c21d7d9a461372131f5ba24283,com.chrisnewland.jitwatch.ui.JITWatchUI.start([Stage]),"['LongMethod', 'MessageChain']",jitwatch
effect-252,b8714acdf0acb1580c056fb84e485c7603775ca8,168219ac9e1c690515cb1664ce27566873121224,com.chrisnewland.jitwatch.ui.JITWatchUI.start([Stage]),"['LongMethod', 'MessageChain', 'IntensiveCoupling']",jitwatch
effect-252,37fdab13890d66d47a31118aa03461350b14d1a3,248c6e9fe362503650bb90783e990b86c8b90a3d,com.chrisnewland.jitwatch.ui.JITWatchUI.start([Stage]),"['LongMethod', 'MessageChain', 'IntensiveCoupling']",jitwatch
effect-176,dc77bfc03185a70662794e60a55ba613647ceee8,2133d3f692e70722e8deafeeb79e22aa51191f26,"org.adoptopenjdk.jitwatch.ui.sandbox.VMLanguageList.VMLanguageList([String, JITWatchConfig])",['LongMethod'],jitwatch
effect-72,a5efc29efede58f0cc2fb3d0662f26e843ece081,dc77bfc03185a70662794e60a55ba613647ceee8,"org.adoptopenjdk.jitwatch.ui.sandbox.VMLanguageConfigStage.VMLanguageConfigStage([IStageCloseListener, JITWatchConfig, String])",['LongMethod'],jitwatch
effect-249,c1ffc1ca5caa1144ec2a72d8ecbc71cca1abd853,7a9243a1a9345de3870b0b27da8a813f0efcfe29,com.chrisnewland.jitwatch.ui.TimeLineStage.redraw,"['LongMethod', 'IntensiveCoupling']",jitwatch
effect-249,67487b5a0dea5f0c5c8931eba2d96c6f65e98746,a52b202fc4beffb9ae7824996cc8f1dd6ef1fc14,com.chrisnewland.jitwatch.ui.TimeLineStage.redraw,"['LongMethod', 'IntensiveCoupling']",jitwatch
effect-249,f0d0eab1bf5084ff90024cccb82cf6e82f58d68a,e0f50d567ed08680a206cfc589c7d453e28ee215,com.chrisnewland.jitwatch.ui.TimeLineStage.redraw,"['LongMethod', 'DispersedCoupling', 'BrainMethod']",jitwatch
effect-11,fd4d15b4e70ef9223292540e2b9b21bc3df181f4,33bf2717c261fe61ee3075a92f553900228b3382,"com.afollestad.materialdialogs.MaterialDialog.onItemClick([AdapterView<?>, View, int, long])","['LongMethod', 'LongParameterList']",material-dialogs
effect-11,2e859fda38e9c09c8f2103264266500b0c485a95,3313ee59952e1b80f27ed4b4a1c294f72c47f65a,com.afollestad.materialdialogs.MaterialDialog.invalidateList,['LongMethod'],material-dialogs
effect-11,e4429988e781139b8667cb1226ce2af8a72701a3,6f07602e2602ddd1f2408489109cbf29018ad6fc,com.afollestad.materialdialogs.MaterialDialog.onClick([View]),['LongMethod'],material-dialogs
effect-11,b8b97b14938faa5a7f86cda18948ad3f72e5a7ec,7925d2baab06742e5804544acccd2f446dcf3e18,com.afollestad.materialdialogs.MaterialDialog.invalidateList,['LongMethod'],material-dialogs
effect-11,e4429988e781139b8667cb1226ce2af8a72701a3,6f07602e2602ddd1f2408489109cbf29018ad6fc,com.afollestad.materialdialogs.MaterialDialog.invalidateList,['LongMethod'],material-dialogs
effect-11,9fb7c15d918d2ab9603d45628b23a42ba8c6d7d1,4e65d7e208eb1158316a2fa66e137b7eb5364ef3,com.afollestad.materialdialogs.MaterialDialog.invalidateActions,['LongMethod'],material-dialogs
effect-11,b27b2168af1f7ca5a3bcad3dbf96d6db18d1d71a,3755727365d063c2aba0888f1aaa9ed2ccd20842,com.afollestad.materialdialogs.MaterialDialog.MaterialDialog([Builder]),"['FeatureEnvy', 'LongMethod', 'MessageChain']",material-dialogs
effect-11,12fc7b02140d9b054fa9e2bc2172dc35290bbee0,90108f5ea6ea506ddc5d9235e5bfb535f4689d8c,com.afollestad.materialdialogs.MaterialDialog.invalidateList,['LongMethod'],material-dialogs
effect-11,2ff3f40da9c6d21fd37ced0c3b0a0337b1efa5f8,129b1e2fa3d9b21007fb1ae994de2a0cf1d1504b,com.afollestad.materialdialogs.MaterialDialog.checkIfListInitScroll,['LongMethod'],material-dialogs
effect-11,10a0e7796e8a32d9d432c2fb13491452b650f824,9720264ee2ffef883b0a5da01c90b0bdf6746eb1,com.afollestad.materialdialogs.MaterialDialog.MaterialDialog([Builder]),"['FeatureEnvy', 'LongMethod', 'IntensiveCoupling']",material-dialogs
effect-11,f24a0a3f82d2167a269e35ba7cafb0d8d75aba4d,e37a7e348d08f9e0b6ab8beddd7cc8fd76e0a631,com.afollestad.materialdialogs.MaterialDialog.MaterialDialog([Builder]),"['LongMethod', 'IntensiveCoupling']",material-dialogs
effect-11,0a9feb19b690569f7118cd81acbc36ac3a95e5b8,1ecc6e7635ba39c18f8433457ff2974f6b695b61,"com.afollestad.materialdialogs.MaterialDialog.onItemClick([AdapterView<?>, View, int, long])","['LongMethod', 'LongParameterList']",material-dialogs
effect-11,71a115953a39c32b2ab6dd541f8d46385042aee5,d56484d01a237b2005d6820014de6590702762cf,com.afollestad.materialdialogs.MaterialDialog.invalidateList,['LongMethod'],material-dialogs
effect-11,2e859fda38e9c09c8f2103264266500b0c485a95,3313ee59952e1b80f27ed4b4a1c294f72c47f65a,com.afollestad.materialdialogs.MaterialDialog.invalidateCustomViewAssociations,"['FeatureEnvy', 'LongMethod']",material-dialogs
effect-56,d73bd7da11f1f0da52716ba871f0ad4c86833ccc,bc4b4920f9a4b468537a28ad9a4989d19eac9e4e,com.afollestad.materialdialogs.MaterialDialog.MaterialDialog([Builder]),"['LongMethod', 'IntensiveCoupling']",material-dialogs
effect-90,e2fddb8a85c28238ca65a0bc89c25bba700bedb3,171c2fe85108af0fd977eb4917392c1971139f50,com.mikepenz.materialdrawer.accountswitcher.AccountHeaderDrawer.build,"['FeatureEnvy', 'LongMethod', 'MessageChain']",materialdrawer
effect-2062,3f8a830963eb9676b91c2a24c17ad4f8331069d1,b7797917ab63aa3983e30d01b28752f92a3198d3,io.netty.example.http.upload.HttpUploadClient.run,"['FeatureEnvy', 'LongMethod']",netty
effect-2066,3f8a830963eb9676b91c2a24c17ad4f8331069d1,b7797917ab63aa3983e30d01b28752f92a3198d3,io.netty.example.localecho.LocalEcho.run,"['FeatureEnvy', 'LongMethod', 'MessageChain', 'IntensiveCoupling']",netty
effect-1208,7b121c26aee2f53ad7e03bcc492b40545825aff4,5b48fc284ebe85ca4974985e3be005d37626e980,io.netty.channel.oio.AbstractOioByteChannel.doRead,"['FeatureEnvy', 'LongMethod', 'IntensiveCoupling']",netty
effect-161,981f83112086cc05ce499c62aa91cf4e766b440f,aece42c9cd514dfa1e11cf96384bdabc7c5c1258,"co.paralleluniverse.fibers.instrument.QuasarURLClassLoaderHelper.instrument([String, Resource])",['LongMethod'],quasar
effect-442,e0c330b1c0cdc5393db34e26d68da0c7ea651ce2,15f58aa7f26402b8e91b088b33b40583fe219f31,co.paralleluniverse.galaxy.example.PeerTKB.run,"['FeatureEnvy', 'LongMethod', 'DispersedCoupling']",quasar
effect-28,895021a60f8ba8bcf243e38de18dde08e2d112a0,4874789cc0a70172d285cc9a254fa4a390d87dd1,co.paralleluniverse.fibers.instrument.VerificationTest.testVerification,"['FeatureEnvy', 'LongMethod']",quasar
effect-28,6d1244c066cf58488691b967b7ec3746b1b44e9e,5cfbadb3e448bf6ff3d4ae450334479558b6e00b,co.paralleluniverse.fibers.instrument.VerificationTest.testVerification,"['FeatureEnvy', 'LongMethod']",quasar
effect-17,3330b956b58a074ed133d8414023fb4149b99a76,e366df5246f333963e43d5690555311a21ce8989,co.paralleluniverse.fibers.instrument.VerificationTest.testVerification,"['FeatureEnvy', 'LongMethod']",quasar
effect-414,3ea865f91c1a7c4708fc9b7fd083de7f85b9d702,6701662df55dd94b0825599bf0200879c5d4437b,co.paralleluniverse.actors.RingBenchmark.run,['LongMethod'],quasar
effect-379,fe823675740eb3e2a7a956281bd5d83c9ac9e838,38d1882f2e6017c2839ddb20f0f5631e96369daf,co.paralleluniverse.strands.channels.TickerChannelTest.testMultipleConsumersAlwaysAscending,"['FeatureEnvy', 'LongMethod']",quasar
effect-143,0f0d285040d222aa73b8af4bb8d8a658988eac64,94014cd237478de50e93d5ead1130c5d443b1742,co.paralleluniverse.galaxy.example.migration.Main.main([String[]]),['LongMethod'],quasar
effect-143,5912e36cac675e5904d6dfdfb722a1a94b28e52c,be317c992a3c364c5e62d28432fe5d149962beb3,co.paralleluniverse.galaxy.example.migration.Main.main([String[]]),['LongMethod'],quasar
effect-143,d236d081c41e1be35fef158b84c369a2869de450,3e5cdea525884fc6f1d0895dac881cc999c243e5,co.paralleluniverse.galaxy.example.migration.Main.main([String[]]),['LongMethod'],quasar
