compositeID,commit_before,commit_after,element,smellTypes,project,cC,cDISP,cINT,cLOC,changingClasses,changingMethods,classLinesOfCode,couplingDispersion,couplingIntensity,cyclomaticComplexity,isAbstract,lCOM,lCOM2,lCOM3,lackOfCohesionOfMethods,mLOC,maxCallChain,maxNesting,methodLinesOfCode,nOAM,nOAV,numberOfAccessedVariables,numberOfAccessorMethods,overrideRatio,parameterCount,publicFieldCount,tCC,tightClassCohesion,wMC,wOC,weighOfClass,weightedMethodCount,additionalProperties.MethodEffectiveLinesOfCode,additionalProperties.NumberOfFinallyStatements,additionalProperties.ExceptionalLOC,additionalProperties.NumberOfCatchStatements,additionalProperties.NumberOfDummyExceptionHandlers,additionalProperties.NumberOfTryStatements,additionalProperties.NumberOfThrowStatements,additionalProperties.NumberOfTryStatementsWithNoCatchAndFinally,additionalProperties.ThrownExceptionTypesCount
effect-249,f0d0eab1bf5084ff90024cccb82cf6e82f58d68a,e0f50d567ed08680a206cfc589c7d453e28ee215,com.chrisnewland.jitwatch.ui.TimeLineStage.redraw,"['LongMethod', 'DispersedCoupling', 'BrainMethod']",jitwatch,0.0,0.0,0.0,0.0,3.0,3.0,0.0,0.5,10.0,11.0,0.0,0.0,0.0,0.0,0.0,0.0,2.0,6.0,0.0,0.0,0.0,33.0,0.0,0.0,0.0,0.0,0.0,0.0,0.0,0.0,0.0,0.0,65.0,0.0,0.0,0.0,0.0,0.0,0.0,0.0,0.0
effect-84,81ad2eb6ad92a25d1b0464439a6cc8b9fa49844c,0de7e1b1a4e0be8f11d5395d4509dde069fc29bc,com.netflix.hystrix.HystrixCommandTest.testRejectedThreadWithFallbackFailure,"['LongMethod', 'DispersedCoupling']",hystrix,0.0,0.0,0.0,0.0,0.0,0.0,0.0,0.6666666865348816,9.0,5.0,0.0,0.0,0.0,0.0,0.0,0.0,3.0,2.0,0.0,0.0,0.0,18.0,0.0,0.0,0.0,0.0,0.0,0.0,0.0,0.0,0.0,0.0,40.0,0.0,80.0,2.0,0.0,2.0,0.0,0.0,0.0
effect-249,c1ffc1ca5caa1144ec2a72d8ecbc71cca1abd853,7a9243a1a9345de3870b0b27da8a813f0efcfe29,com.chrisnewland.jitwatch.ui.TimeLineStage.redraw,"['LongMethod', 'IntensiveCoupling']",jitwatch,0.0,0.0,0.0,0.0,3.0,3.0,0.0,0.4545454680919647,11.0,8.0,0.0,0.0,0.0,0.0,0.0,0.0,2.0,5.0,0.0,0.0,0.0,31.0,0.0,0.0,0.0,0.0,0.0,0.0,0.0,0.0,0.0,0.0,57.0,0.0,0.0,0.0,0.0,0.0,0.0,0.0,0.0
effect-249,67487b5a0dea5f0c5c8931eba2d96c6f65e98746,a52b202fc4beffb9ae7824996cc8f1dd6ef1fc14,com.chrisnewland.jitwatch.ui.TimeLineStage.redraw,"['LongMethod', 'IntensiveCoupling']",jitwatch,0.0,0.0,0.0,0.0,3.0,3.0,0.0,0.375,16.0,11.0,0.0,0.0,0.0,0.0,0.0,0.0,3.0,5.0,0.0,0.0,0.0,42.0,0.0,0.0,0.0,0.0,0.0,0.0,0.0,0.0,0.0,0.0,82.0,0.0,0.0,0.0,0.0,0.0,0.0,0.0,0.0
effect-11,f24a0a3f82d2167a269e35ba7cafb0d8d75aba4d,e37a7e348d08f9e0b6ab8beddd7cc8fd76e0a631,com.afollestad.materialdialogs.MaterialDialog.MaterialDialog([Builder]),"['LongMethod', 'IntensiveCoupling']",material-dialogs,0.0,0.0,0.0,0.0,0.0,0.0,0.0,0.3125,16.0,50.0,0.0,0.0,0.0,0.0,0.0,0.0,3.0,5.0,0.0,0.0,0.0,74.0,0.0,0.0,1.0,0.0,0.0,0.0,0.0,0.0,0.0,0.0,143.0,0.0,0.0,0.0,0.0,0.0,0.0,0.0,0.0
effect-56,d73bd7da11f1f0da52716ba871f0ad4c86833ccc,bc4b4920f9a4b468537a28ad9a4989d19eac9e4e,com.afollestad.materialdialogs.MaterialDialog.MaterialDialog([Builder]),"['LongMethod', 'IntensiveCoupling']",material-dialogs,0.0,0.0,0.0,0.0,0.0,0.0,0.0,0.294117659330368,17.0,46.0,0.0,0.0,0.0,0.0,0.0,0.0,3.0,5.0,0.0,0.0,0.0,58.0,0.0,0.0,1.0,0.0,0.0,0.0,0.0,0.0,0.0,0.0,119.0,0.0,0.0,0.0,0.0,0.0,0.0,0.0,0.0
effect-11,0a9feb19b690569f7118cd81acbc36ac3a95e5b8,1ecc6e7635ba39c18f8433457ff2974f6b695b61,"com.afollestad.materialdialogs.MaterialDialog.onItemClick([AdapterView<?>, View, int, long])","['LongMethod', 'LongParameterList']",material-dialogs,0.0,0.0,0.0,0.0,0.0,0.0,0.0,0.6666666865348816,3.0,23.0,0.0,0.0,0.0,0.0,0.0,0.0,2.0,6.0,0.0,0.0,0.0,28.0,0.0,0.0,4.0,0.0,0.0,0.0,0.0,0.0,0.0,0.0,48.0,0.0,0.0,0.0,0.0,0.0,0.0,0.0,0.0
effect-11,fd4d15b4e70ef9223292540e2b9b21bc3df181f4,33bf2717c261fe61ee3075a92f553900228b3382,"com.afollestad.materialdialogs.MaterialDialog.onItemClick([AdapterView<?>, View, int, long])","['LongMethod', 'LongParameterList']",material-dialogs,0.0,0.0,0.0,0.0,0.0,0.0,0.0,0.5,4.0,27.0,0.0,0.0,0.0,0.0,0.0,0.0,2.0,6.0,0.0,0.0,0.0,27.0,0.0,0.0,4.0,0.0,0.0,0.0,0.0,0.0,0.0,0.0,53.0,0.0,0.0,0.0,0.0,0.0,0.0,0.0,0.0
effect-252,37fdab13890d66d47a31118aa03461350b14d1a3,248c6e9fe362503650bb90783e990b86c8b90a3d,com.chrisnewland.jitwatch.ui.JITWatchUI.start([Stage]),"['LongMethod', 'MessageChain', 'IntensiveCoupling']",jitwatch,0.0,0.0,0.0,0.0,0.0,0.0,0.0,0.2727272808551788,11.0,9.0,0.0,0.0,0.0,0.0,0.0,0.0,5.0,3.0,0.0,0.0,0.0,58.0,0.0,0.0,1.0,0.0,0.0,0.0,0.0,0.0,0.0,0.0,162.0,0.0,0.0,0.0,0.0,0.0,0.0,0.0,0.0
effect-252,8541fd178ef46ca7181d3680a1a9a111833b070b,5f52afa634ea1d9afdb076103b811ab87d1aebc7,com.chrisnewland.jitwatch.ui.JITWatchUI.start([Stage]),"['LongMethod', 'MessageChain', 'IntensiveCoupling']",jitwatch,0.0,0.0,0.0,0.0,0.0,0.0,0.0,0.3076923191547394,13.0,10.0,0.0,0.0,0.0,0.0,0.0,0.0,5.0,3.0,0.0,0.0,0.0,66.0,0.0,0.0,1.0,0.0,0.0,0.0,0.0,0.0,0.0,0.0,187.0,0.0,0.0,0.0,0.0,0.0,0.0,0.0,0.0
effect-252,b8714acdf0acb1580c056fb84e485c7603775ca8,168219ac9e1c690515cb1664ce27566873121224,com.chrisnewland.jitwatch.ui.JITWatchUI.start([Stage]),"['LongMethod', 'MessageChain', 'IntensiveCoupling']",jitwatch,0.0,0.0,0.0,0.0,0.0,0.0,0.0,0.1538461595773697,13.0,6.0,0.0,0.0,0.0,0.0,0.0,0.0,5.0,2.0,0.0,0.0,0.0,74.0,0.0,0.0,1.0,0.0,0.0,0.0,0.0,0.0,0.0,0.0,196.0,0.0,0.0,0.0,0.0,0.0,0.0,0.0,0.0
effect-84,04ce80153924dacaed3e4bb8ee8fa6634e58231d,8e50980bc40e246bc3ee0996f0c3be675a640d8a,com.netflix.hystrix.HystrixCommandTest.testObservableTimeoutNoFallbackThreadContext,"['LongMethod', 'MessageChain']",hystrix,0.0,0.0,0.0,0.0,0.0,0.0,0.0,0.75,12.0,3.0,0.0,0.0,0.0,0.0,0.0,0.0,4.0,1.0,0.0,0.0,0.0,14.0,0.0,0.0,0.0,0.0,0.0,0.0,0.0,0.0,0.0,0.0,35.0,0.0,0.0,0.0,0.0,0.0,0.0,0.0,0.0
effect-252,333c73b325e60a3f58de9b859f5e92b0473525ab,6c779380f02714c21d7d9a461372131f5ba24283,com.chrisnewland.jitwatch.ui.JITWatchUI.start([Stage]),"['LongMethod', 'MessageChain']",jitwatch,0.0,0.0,0.0,0.0,0.0,0.0,0.0,0.2857142984867096,7.0,5.0,0.0,0.0,0.0,0.0,0.0,0.0,5.0,2.0,0.0,0.0,0.0,52.0,0.0,0.0,1.0,0.0,0.0,0.0,0.0,0.0,0.0,0.0,145.0,0.0,0.0,0.0,0.0,0.0,0.0,0.0,0.0
effect-60,7c33691135b96281bccbe063f247b858515f394f,6b857d094f86236e0e75afdf159d6b5142b34e31,"com.netflix.hystrix.contrib.sample.stream.HystrixConfigSseServlet.handleRequest([HttpServletRequest, HttpServletResponse])",['LongMethod'],hystrix,0.0,0.0,0.0,0.0,1.0,1.0,0.0,0.6666666865348816,3.0,11.0,0.0,0.0,0.0,0.0,0.0,0.0,3.0,4.0,0.0,0.0,0.0,19.0,0.0,0.0,2.0,0.0,0.0,0.0,0.0,0.0,0.0,0.0,46.0,1.0,138.0,3.0,0.0,4.0,1.0,1.0,2.0
effect-143,0f0d285040d222aa73b8af4bb8d8a658988eac64,94014cd237478de50e93d5ead1130c5d443b1742,co.paralleluniverse.galaxy.example.migration.Main.main([String[]]),['LongMethod'],quasar,0.0,0.0,0.0,0.0,0.0,0.0,0.0,0.5714285969734192,7.0,5.0,0.0,0.0,0.0,0.0,0.0,0.0,2.0,3.0,0.0,0.0,0.0,9.0,0.0,0.0,1.0,0.0,0.0,0.0,0.0,0.0,0.0,0.0,33.0,0.0,33.0,1.0,0.0,1.0,1.0,0.0,1.0
effect-176,dc77bfc03185a70662794e60a55ba613647ceee8,2133d3f692e70722e8deafeeb79e22aa51191f26,"org.adoptopenjdk.jitwatch.ui.sandbox.VMLanguageList.VMLanguageList([String, JITWatchConfig])",['LongMethod'],jitwatch,0.0,0.0,0.0,0.0,0.0,0.0,0.0,0.5,4.0,2.0,0.0,0.0,0.0,0.0,0.0,0.0,3.0,1.0,0.0,0.0,0.0,15.0,0.0,0.0,2.0,0.0,0.0,0.0,0.0,0.0,0.0,0.0,41.0,0.0,0.0,0.0,0.0,0.0,0.0,0.0,0.0
effect-72,a5efc29efede58f0cc2fb3d0662f26e843ece081,dc77bfc03185a70662794e60a55ba613647ceee8,"org.adoptopenjdk.jitwatch.ui.sandbox.VMLanguageConfigStage.VMLanguageConfigStage([IStageCloseListener, JITWatchConfig, String])",['LongMethod'],jitwatch,0.0,0.0,0.0,0.0,0.0,0.0,0.0,0.5,6.0,4.0,0.0,0.0,0.0,0.0,0.0,0.0,3.0,1.0,0.0,0.0,0.0,21.0,0.0,0.0,3.0,0.0,0.0,0.0,0.0,0.0,0.0,0.0,67.0,0.0,0.0,0.0,0.0,0.0,0.0,0.0,0.0
effect-414,3ea865f91c1a7c4708fc9b7fd083de7f85b9d702,6701662df55dd94b0825599bf0200879c5d4437b,co.paralleluniverse.actors.RingBenchmark.run,['LongMethod'],quasar,0.0,0.0,0.0,0.0,1.0,1.0,0.0,0.3333333432674408,3.0,7.0,0.0,0.0,0.0,0.0,0.0,0.0,1.0,2.0,0.0,0.0,0.0,12.0,0.0,0.0,0.0,0.0,0.0,0.0,0.0,0.0,0.0,0.0,31.0,0.0,0.0,0.0,0.0,0.0,0.0,0.0,1.0
effect-193,655279b97d1f0336caaacb16f0298cb1a638e746,c7854d6b37b5d6b7425dfbe4e6b35a045a52de3e,"com.koushikdutta.async.http.SocketIOClient.connect([AsyncHttpClient, SocketIORequest, SocketIOConnectCallback])",['LongMethod'],androidasync,0.0,0.0,0.0,0.0,1.0,1.0,0.0,0.6666666865348816,9.0,8.0,0.0,0.0,0.0,0.0,0.0,0.0,3.0,1.0,0.0,0.0,0.0,20.0,0.0,0.0,3.0,0.0,0.0,0.0,0.0,0.0,0.0,0.0,39.0,0.0,39.0,1.0,0.0,1.0,1.0,0.0,0.0
effect-161,981f83112086cc05ce499c62aa91cf4e766b440f,aece42c9cd514dfa1e11cf96384bdabc7c5c1258,"co.paralleluniverse.fibers.instrument.QuasarURLClassLoaderHelper.instrument([String, Resource])",['LongMethod'],quasar,0.0,0.0,0.0,0.0,1.0,1.0,0.0,1.0,1.0,4.0,0.0,0.0,0.0,0.0,0.0,0.0,1.0,2.0,0.0,0.0,0.0,7.0,0.0,0.0,2.0,0.0,0.0,0.0,0.0,0.0,0.0,0.0,43.0,0.0,0.0,0.0,0.0,0.0,1.0,0.0,0.0
effect-193,0249f29c1bb8037b72f860b12295dcbfb15d6f28,54aa882d7defa633c341d67e5324cef5d416eac6,"com.koushikdutta.async.http.SocketIOClient.connect([AsyncHttpClient, String, SocketIOConnectCallback])",['LongMethod'],androidasync,0.0,0.0,0.0,0.0,1.0,1.0,0.0,0.5,4.0,9.0,0.0,0.0,0.0,0.0,0.0,0.0,1.0,1.0,0.0,0.0,0.0,23.0,0.0,0.0,3.0,0.0,0.0,0.0,0.0,0.0,0.0,0.0,40.0,0.0,40.0,1.0,0.0,1.0,1.0,0.0,0.0
effect-11,2e859fda38e9c09c8f2103264266500b0c485a95,3313ee59952e1b80f27ed4b4a1c294f72c47f65a,com.afollestad.materialdialogs.MaterialDialog.invalidateList,['LongMethod'],material-dialogs,0.0,0.0,0.0,0.0,1.0,1.0,0.0,1.0,2.0,13.0,0.0,0.0,0.0,0.0,0.0,0.0,3.0,4.0,0.0,0.0,0.0,23.0,0.0,0.0,0.0,0.0,0.0,0.0,0.0,0.0,0.0,0.0,34.0,0.0,0.0,0.0,0.0,0.0,0.0,0.0,0.0
effect-193,4fd132ba0f8c11f33c49372a074e6d0a6e9a4a0a,6a66a9bbe058d0a345ceb94c6efd0209e4dabaca,"com.koushikdutta.async.http.SocketIOClient.connect([AsyncHttpClient, String, SocketIOConnectCallback])",['LongMethod'],androidasync,0.0,0.0,0.0,0.0,0.0,0.0,0.0,0.6666666865348816,6.0,7.0,0.0,0.0,0.0,0.0,0.0,0.0,1.0,1.0,0.0,0.0,0.0,22.0,0.0,0.0,3.0,0.0,0.0,0.0,0.0,0.0,0.0,0.0,39.0,0.0,39.0,1.0,0.0,1.0,1.0,0.0,0.0
effect-11,e4429988e781139b8667cb1226ce2af8a72701a3,6f07602e2602ddd1f2408489109cbf29018ad6fc,com.afollestad.materialdialogs.MaterialDialog.onClick([View]),['LongMethod'],material-dialogs,0.0,0.0,0.0,0.0,0.0,0.0,0.0,1.0,6.0,36.0,0.0,0.0,0.0,0.0,0.0,0.0,3.0,7.0,0.0,0.0,0.0,25.0,0.0,0.0,1.0,0.0,0.0,0.0,0.0,0.0,0.0,0.0,63.0,0.0,0.0,0.0,0.0,0.0,0.0,0.0,0.0
effect-2135,280b9d13a0971b640fa388c4c88e182b93b6858c,4f059e564329b134cb5dc10021b09fc120c9117b,org.geoserver.gwc.layer.GeoServerTileLayer.getBounds([SRS]),['LongMethod'],geoserver,0.0,0.0,0.0,0.0,1.0,1.0,0.0,0.6666666865348816,6.0,8.0,0.0,0.0,0.0,0.0,0.0,0.0,2.0,2.0,0.0,0.0,0.0,21.0,0.0,0.0,1.0,0.0,0.0,0.0,0.0,0.0,0.0,0.0,40.0,0.0,120.0,4.0,0.0,4.0,4.0,0.0,0.0
effect-11,b8b97b14938faa5a7f86cda18948ad3f72e5a7ec,7925d2baab06742e5804544acccd2f446dcf3e18,com.afollestad.materialdialogs.MaterialDialog.invalidateList,['LongMethod'],material-dialogs,0.0,0.0,0.0,0.0,1.0,1.0,0.0,1.0,2.0,13.0,0.0,0.0,0.0,0.0,0.0,0.0,3.0,4.0,0.0,0.0,0.0,26.0,0.0,0.0,0.0,0.0,0.0,0.0,0.0,0.0,0.0,0.0,38.0,0.0,0.0,0.0,0.0,0.0,0.0,0.0,0.0
effect-11,e4429988e781139b8667cb1226ce2af8a72701a3,6f07602e2602ddd1f2408489109cbf29018ad6fc,com.afollestad.materialdialogs.MaterialDialog.invalidateList,['LongMethod'],material-dialogs,0.0,0.0,0.0,0.0,1.0,1.0,0.0,0.75,4.0,13.0,0.0,0.0,0.0,0.0,0.0,0.0,3.0,5.0,0.0,0.0,0.0,22.0,0.0,0.0,0.0,0.0,0.0,0.0,0.0,0.0,0.0,0.0,47.0,0.0,0.0,0.0,0.0,0.0,0.0,0.0,0.0
effect-11,71a115953a39c32b2ab6dd541f8d46385042aee5,d56484d01a237b2005d6820014de6590702762cf,com.afollestad.materialdialogs.MaterialDialog.invalidateList,['LongMethod'],material-dialogs,0.0,0.0,0.0,0.0,1.0,1.0,0.0,0.75,4.0,13.0,0.0,0.0,0.0,0.0,0.0,0.0,3.0,5.0,0.0,0.0,0.0,19.0,0.0,0.0,0.0,0.0,0.0,0.0,0.0,0.0,0.0,0.0,42.0,0.0,0.0,0.0,0.0,0.0,0.0,0.0,0.0
effect-2347,ab7786be4a8d9f3136772548ad0116b4bab7d8f5,5424f5bf6384869a7e629d775230a4d4bb3cbb75,org.geoserver.wms.kvp.PALFileLoader.PALFileLoader([Resource]),['LongMethod'],geoserver,0.0,0.0,0.0,0.0,0.0,0.0,0.0,0.5,2.0,23.0,0.0,0.0,0.0,0.0,0.0,0.0,2.0,4.0,0.0,0.0,0.0,17.0,0.0,0.0,1.0,0.0,0.0,0.0,0.0,0.0,0.0,0.0,55.0,1.0,55.0,4.0,0.0,2.0,4.0,0.0,0.0
effect-11,2ff3f40da9c6d21fd37ced0c3b0a0337b1efa5f8,129b1e2fa3d9b21007fb1ae994de2a0cf1d1504b,com.afollestad.materialdialogs.MaterialDialog.checkIfListInitScroll,['LongMethod'],material-dialogs,0.0,0.0,0.0,0.0,1.0,1.0,0.0,0.0,0.0,11.0,0.0,0.0,0.0,0.0,0.0,0.0,2.0,3.0,0.0,0.0,0.0,13.0,0.0,0.0,0.0,0.0,0.0,0.0,0.0,0.0,0.0,0.0,33.0,0.0,0.0,0.0,0.0,0.0,0.0,0.0,0.0
effect-11,9fb7c15d918d2ab9603d45628b23a42ba8c6d7d1,4e65d7e208eb1158316a2fa66e137b7eb5364ef3,com.afollestad.materialdialogs.MaterialDialog.invalidateActions,['LongMethod'],material-dialogs,0.0,0.0,0.0,0.0,1.0,3.0,0.0,1.0,2.0,9.0,0.0,0.0,0.0,0.0,0.0,0.0,3.0,1.0,0.0,0.0,0.0,19.0,0.0,0.0,0.0,0.0,0.0,0.0,0.0,0.0,0.0,0.0,39.0,0.0,0.0,0.0,0.0,0.0,0.0,0.0,0.0
effect-11,12fc7b02140d9b054fa9e2bc2172dc35290bbee0,90108f5ea6ea506ddc5d9235e5bfb535f4689d8c,com.afollestad.materialdialogs.MaterialDialog.invalidateList,['LongMethod'],material-dialogs,0.0,0.0,0.0,0.0,1.0,2.0,0.0,1.0,2.0,13.0,0.0,0.0,0.0,0.0,0.0,0.0,3.0,4.0,0.0,0.0,0.0,26.0,0.0,0.0,0.0,0.0,0.0,0.0,0.0,0.0,0.0,0.0,38.0,0.0,0.0,0.0,0.0,0.0,0.0,0.0,0.0
effect-84,863d7ab54ad6f91a865ee05cc0111a6fb08e03cf,3f697be05876bb4b3213fa06eb0d1ea3af2f5da6,com.netflix.hystrix.HystrixCommandTest.testExecutionHookThreadTimeoutSuccessfulFallbackRunSuccess,['LongMethod'],hystrix,0.0,0.0,0.0,0.0,0.0,0.0,0.0,1.0,1.0,2.0,0.0,0.0,0.0,0.0,0.0,0.0,2.0,1.0,0.0,0.0,0.0,18.0,0.0,0.0,0.0,0.0,0.0,0.0,0.0,0.0,0.0,0.0,31.0,0.0,31.0,1.0,0.0,1.0,1.0,0.0,0.0
effect-85,863d7ab54ad6f91a865ee05cc0111a6fb08e03cf,3f697be05876bb4b3213fa06eb0d1ea3af2f5da6,com.netflix.hystrix.HystrixObservableCommandTest.testExecutionHookSemaphoreRejectedUnsuccessfulFallback,['LongMethod'],hystrix,0.0,0.0,0.0,0.0,0.0,0.0,0.0,1.0,3.0,2.0,0.0,0.0,0.0,0.0,0.0,0.0,2.0,1.0,0.0,0.0,0.0,23.0,0.0,0.0,0.0,0.0,0.0,0.0,0.0,0.0,0.0,0.0,42.0,0.0,42.0,1.0,0.0,1.0,1.0,0.0,0.0
effect-178,520e941aef9974fa141b35b412639ccdf2f5a936,93ac53543f6c272342d6e02d3134671c7f92f95f,com.netflix.hystrix.contrib.servopublisher.HystrixServoMetricsPublisherCommandAbstract.getRollingNumberTypeFromEventType([HystrixEventType]),['LongMethod'],hystrix,0.0,0.0,0.0,0.0,1.0,2.0,0.0,0.0,0.0,17.0,0.0,0.0,0.0,0.0,0.0,0.0,0.0,0.0,0.0,0.0,0.0,31.0,0.0,0.0,1.0,0.0,0.0,0.0,0.0,0.0,0.0,0.0,34.0,0.0,0.0,0.0,0.0,0.0,1.0,0.0,0.0
effect-84,863d7ab54ad6f91a865ee05cc0111a6fb08e03cf,3f697be05876bb4b3213fa06eb0d1ea3af2f5da6,com.netflix.hystrix.HystrixCommandTest.testExecutionHookSemaphoreRejectedSuccessfulFallback,['LongMethod'],hystrix,0.0,0.0,0.0,0.0,0.0,0.0,0.0,1.0,3.0,2.0,0.0,0.0,0.0,0.0,0.0,0.0,2.0,1.0,0.0,0.0,0.0,22.0,0.0,0.0,0.0,0.0,0.0,0.0,0.0,0.0,0.0,0.0,40.0,0.0,40.0,1.0,0.0,1.0,1.0,0.0,0.0
effect-84,863d7ab54ad6f91a865ee05cc0111a6fb08e03cf,3f697be05876bb4b3213fa06eb0d1ea3af2f5da6,com.netflix.hystrix.HystrixCommandTest.testExecutionHookThreadTimeoutSuccessfulFallbackRunFailure,['LongMethod'],hystrix,0.0,0.0,0.0,0.0,0.0,0.0,0.0,1.0,1.0,2.0,0.0,0.0,0.0,0.0,0.0,0.0,2.0,1.0,0.0,0.0,0.0,19.0,0.0,0.0,0.0,0.0,0.0,0.0,0.0,0.0,0.0,0.0,31.0,0.0,31.0,1.0,0.0,1.0,1.0,0.0,0.0
effect-84,863d7ab54ad6f91a865ee05cc0111a6fb08e03cf,3f697be05876bb4b3213fa06eb0d1ea3af2f5da6,com.netflix.hystrix.HystrixCommandTest.testExecutionHookThreadTimeoutNoFallbackRunFailure,['LongMethod'],hystrix,0.0,0.0,0.0,0.0,0.0,0.0,0.0,1.0,1.0,2.0,0.0,0.0,0.0,0.0,0.0,0.0,2.0,1.0,0.0,0.0,0.0,20.0,0.0,0.0,0.0,0.0,0.0,0.0,0.0,0.0,0.0,0.0,34.0,0.0,34.0,1.0,0.0,1.0,1.0,0.0,0.0
effect-84,863d7ab54ad6f91a865ee05cc0111a6fb08e03cf,3f697be05876bb4b3213fa06eb0d1ea3af2f5da6,com.netflix.hystrix.HystrixCommandTest.testExecutionHookThreadTimeoutUnsuccessfulFallbackRunFailure,['LongMethod'],hystrix,0.0,0.0,0.0,0.0,0.0,0.0,0.0,1.0,1.0,2.0,0.0,0.0,0.0,0.0,0.0,0.0,2.0,1.0,0.0,0.0,0.0,20.0,0.0,0.0,0.0,0.0,0.0,0.0,0.0,0.0,0.0,0.0,33.0,0.0,33.0,1.0,0.0,1.0,1.0,0.0,0.0
effect-84,863d7ab54ad6f91a865ee05cc0111a6fb08e03cf,3f697be05876bb4b3213fa06eb0d1ea3af2f5da6,com.netflix.hystrix.HystrixCommandTest.testExecutionHookSemaphoreRejectedNoFallback,['LongMethod'],hystrix,0.0,0.0,0.0,0.0,0.0,0.0,0.0,1.0,3.0,2.0,0.0,0.0,0.0,0.0,0.0,0.0,2.0,1.0,0.0,0.0,0.0,23.0,0.0,0.0,0.0,0.0,0.0,0.0,0.0,0.0,0.0,0.0,42.0,0.0,42.0,1.0,0.0,1.0,1.0,0.0,0.0
effect-84,863d7ab54ad6f91a865ee05cc0111a6fb08e03cf,3f697be05876bb4b3213fa06eb0d1ea3af2f5da6,com.netflix.hystrix.HystrixCommandTest.testExecutionHookThreadPoolQueueFullNoFallback,['LongMethod'],hystrix,0.0,0.0,0.0,0.0,0.0,0.0,0.0,1.0,2.0,2.0,0.0,0.0,0.0,0.0,0.0,0.0,2.0,1.0,0.0,0.0,0.0,21.0,0.0,0.0,0.0,0.0,0.0,0.0,0.0,0.0,0.0,0.0,31.0,0.0,31.0,1.0,1.0,1.0,0.0,0.0,0.0
effect-84,05ce2a10981606744f658a40c536b457c83e5cd2,d7de465f6b815ef932cad1bc66cee250a8a863c7,com.netflix.hystrix.HystrixCommandTest.testExecutionHookThreadPoolQueueFullNoFallback,['LongMethod'],hystrix,0.0,0.0,0.0,0.0,0.0,0.0,0.0,1.0,2.0,2.0,0.0,0.0,0.0,0.0,0.0,0.0,2.0,1.0,0.0,0.0,0.0,21.0,0.0,0.0,0.0,0.0,0.0,0.0,0.0,0.0,0.0,0.0,31.0,0.0,31.0,1.0,1.0,1.0,0.0,0.0,0.0
effect-84,281add500556b90c52aa5bbea349204deb435fbc,12873a672ed5b48cd62cf39cd04d3ad7af089bd4,com.netflix.hystrix.HystrixCommandTest.testExecutionHookSempahoreRejectedSuccessfulFallback,['LongMethod'],hystrix,0.0,0.0,0.0,0.0,0.0,0.0,0.0,1.0,3.0,2.0,0.0,0.0,0.0,0.0,0.0,0.0,2.0,1.0,0.0,0.0,0.0,22.0,0.0,0.0,0.0,0.0,0.0,0.0,0.0,0.0,0.0,0.0,40.0,0.0,40.0,1.0,0.0,1.0,1.0,0.0,0.0
effect-84,6ab45a917991212dce98f209af6aa4f32bb1251a,b0d986944ec5805171d477ee429446c83e54d1ab,com.netflix.hystrix.HystrixCommandTest.testOnRunStartHookThrows,['LongMethod'],hystrix,0.0,0.0,0.0,0.0,0.0,0.0,0.0,1.0,5.0,3.0,0.0,0.0,0.0,0.0,0.0,0.0,3.0,1.0,0.0,0.0,0.0,18.0,0.0,0.0,0.0,0.0,0.0,0.0,0.0,0.0,0.0,0.0,45.0,0.0,90.0,2.0,0.0,2.0,1.0,0.0,0.0
effect-84,863d7ab54ad6f91a865ee05cc0111a6fb08e03cf,3f697be05876bb4b3213fa06eb0d1ea3af2f5da6,com.netflix.hystrix.HystrixCommandTest.testExecutionHookThreadTimeoutNoFallbackRunSuccess,['LongMethod'],hystrix,0.0,0.0,0.0,0.0,0.0,0.0,0.0,1.0,1.0,2.0,0.0,0.0,0.0,0.0,0.0,0.0,2.0,1.0,0.0,0.0,0.0,19.0,0.0,0.0,0.0,0.0,0.0,0.0,0.0,0.0,0.0,0.0,33.0,0.0,33.0,1.0,0.0,1.0,1.0,0.0,0.0
effect-84,863d7ab54ad6f91a865ee05cc0111a6fb08e03cf,3f697be05876bb4b3213fa06eb0d1ea3af2f5da6,com.netflix.hystrix.HystrixCommandTest.testExecutionHookThreadTimeoutUnsuccessfulFallbackRunSuccess,['LongMethod'],hystrix,0.0,0.0,0.0,0.0,0.0,0.0,0.0,1.0,1.0,2.0,0.0,0.0,0.0,0.0,0.0,0.0,2.0,1.0,0.0,0.0,0.0,19.0,0.0,0.0,0.0,0.0,0.0,0.0,0.0,0.0,0.0,0.0,33.0,0.0,33.0,1.0,0.0,1.0,1.0,0.0,0.0
effect-85,863d7ab54ad6f91a865ee05cc0111a6fb08e03cf,3f697be05876bb4b3213fa06eb0d1ea3af2f5da6,com.netflix.hystrix.HystrixObservableCommandTest.testExecutionHookThreadTimeoutSuccessfulFallbackRunFailure,['LongMethod'],hystrix,0.0,0.0,0.0,0.0,0.0,0.0,0.0,1.0,1.0,2.0,0.0,0.0,0.0,0.0,0.0,0.0,2.0,1.0,0.0,0.0,0.0,20.0,0.0,0.0,0.0,0.0,0.0,0.0,0.0,0.0,0.0,0.0,31.0,0.0,31.0,1.0,0.0,1.0,1.0,0.0,0.0
effect-143,5912e36cac675e5904d6dfdfb722a1a94b28e52c,be317c992a3c364c5e62d28432fe5d149962beb3,co.paralleluniverse.galaxy.example.migration.Main.main([String[]]),['LongMethod'],quasar,0.0,0.0,0.0,0.0,0.0,0.0,0.0,0.6666666865348816,6.0,5.0,0.0,0.0,0.0,0.0,0.0,0.0,2.0,3.0,0.0,0.0,0.0,9.0,0.0,0.0,1.0,0.0,0.0,0.0,0.0,0.0,0.0,0.0,33.0,0.0,33.0,1.0,0.0,1.0,1.0,0.0,1.0
effect-84,05ce2a10981606744f658a40c536b457c83e5cd2,d7de465f6b815ef932cad1bc66cee250a8a863c7,com.netflix.hystrix.HystrixCommandTest.testExecutionHookThreadPoolQueueFullUnsuccessfulFallback,['LongMethod'],hystrix,0.0,0.0,0.0,0.0,0.0,0.0,0.0,1.0,2.0,2.0,0.0,0.0,0.0,0.0,0.0,0.0,2.0,1.0,0.0,0.0,0.0,21.0,0.0,0.0,0.0,0.0,0.0,0.0,0.0,0.0,0.0,0.0,31.0,0.0,31.0,1.0,1.0,1.0,0.0,0.0,0.0
effect-85,863d7ab54ad6f91a865ee05cc0111a6fb08e03cf,3f697be05876bb4b3213fa06eb0d1ea3af2f5da6,com.netflix.hystrix.HystrixObservableCommandTest.testExecutionHookThreadTimeoutUnsuccessfulFallbackRunFailure,['LongMethod'],hystrix,0.0,0.0,0.0,0.0,0.0,0.0,0.0,1.0,1.0,2.0,0.0,0.0,0.0,0.0,0.0,0.0,2.0,1.0,0.0,0.0,0.0,21.0,0.0,0.0,0.0,0.0,0.0,0.0,0.0,0.0,0.0,0.0,33.0,0.0,33.0,1.0,0.0,1.0,1.0,0.0,0.0
effect-84,863d7ab54ad6f91a865ee05cc0111a6fb08e03cf,3f697be05876bb4b3213fa06eb0d1ea3af2f5da6,com.netflix.hystrix.HystrixCommandTest.testExecutionHookThreadPoolQueueFullUnsuccessfulFallback,['LongMethod'],hystrix,0.0,0.0,0.0,0.0,0.0,0.0,0.0,1.0,2.0,2.0,0.0,0.0,0.0,0.0,0.0,0.0,2.0,1.0,0.0,0.0,0.0,21.0,0.0,0.0,0.0,0.0,0.0,0.0,0.0,0.0,0.0,0.0,31.0,0.0,31.0,1.0,1.0,1.0,0.0,0.0,0.0
effect-85,863d7ab54ad6f91a865ee05cc0111a6fb08e03cf,3f697be05876bb4b3213fa06eb0d1ea3af2f5da6,com.netflix.hystrix.HystrixObservableCommandTest.testExecutionHookSemaphoreRejectedNoFallback,['LongMethod'],hystrix,0.0,0.0,0.0,0.0,0.0,0.0,0.0,1.0,3.0,2.0,0.0,0.0,0.0,0.0,0.0,0.0,2.0,1.0,0.0,0.0,0.0,23.0,0.0,0.0,0.0,0.0,0.0,0.0,0.0,0.0,0.0,0.0,42.0,0.0,42.0,1.0,0.0,1.0,1.0,0.0,0.0
effect-60,7c33691135b96281bccbe063f247b858515f394f,6b857d094f86236e0e75afdf159d6b5142b34e31,"com.netflix.hystrix.contrib.sample.stream.HystrixUtilizationSseServlet.handleRequest([HttpServletRequest, HttpServletResponse])",['LongMethod'],hystrix,0.0,0.0,0.0,0.0,1.0,1.0,0.0,0.6666666865348816,3.0,11.0,0.0,0.0,0.0,0.0,0.0,0.0,3.0,4.0,0.0,0.0,0.0,19.0,0.0,0.0,2.0,0.0,0.0,0.0,0.0,0.0,0.0,0.0,46.0,1.0,138.0,3.0,0.0,4.0,1.0,1.0,2.0
effect-85,863d7ab54ad6f91a865ee05cc0111a6fb08e03cf,3f697be05876bb4b3213fa06eb0d1ea3af2f5da6,com.netflix.hystrix.HystrixObservableCommandTest.testExecutionHookThreadTimeoutSuccessfulFallbackRunSuccess,['LongMethod'],hystrix,0.0,0.0,0.0,0.0,0.0,0.0,0.0,1.0,1.0,2.0,0.0,0.0,0.0,0.0,0.0,0.0,2.0,1.0,0.0,0.0,0.0,20.0,0.0,0.0,0.0,0.0,0.0,0.0,0.0,0.0,0.0,0.0,31.0,0.0,31.0,1.0,0.0,1.0,1.0,0.0,0.0
effect-85,863d7ab54ad6f91a865ee05cc0111a6fb08e03cf,3f697be05876bb4b3213fa06eb0d1ea3af2f5da6,com.netflix.hystrix.HystrixObservableCommandTest.testExecutionHookThreadTimeoutNoFallbackRunSuccess,['LongMethod'],hystrix,0.0,0.0,0.0,0.0,0.0,0.0,0.0,1.0,1.0,2.0,0.0,0.0,0.0,0.0,0.0,0.0,2.0,1.0,0.0,0.0,0.0,21.0,0.0,0.0,0.0,0.0,0.0,0.0,0.0,0.0,0.0,0.0,33.0,0.0,33.0,1.0,0.0,1.0,1.0,0.0,0.0
effect-85,863d7ab54ad6f91a865ee05cc0111a6fb08e03cf,3f697be05876bb4b3213fa06eb0d1ea3af2f5da6,com.netflix.hystrix.HystrixObservableCommandTest.testExecutionHookThreadTimeoutNoFallbackRunFailure,['LongMethod'],hystrix,0.0,0.0,0.0,0.0,0.0,0.0,0.0,1.0,1.0,2.0,0.0,0.0,0.0,0.0,0.0,0.0,2.0,1.0,0.0,0.0,0.0,21.0,0.0,0.0,0.0,0.0,0.0,0.0,0.0,0.0,0.0,0.0,34.0,0.0,34.0,1.0,0.0,1.0,1.0,0.0,0.0
effect-399,52104a88a4d7a1ad20758f6e66c9704bb8ac9f1b,e8f1e1692a0140410a69fe5699ade5cf050eefca,com.netflix.hystrix.HystrixCommand.queue,['LongMethod'],hystrix,0.0,0.0,0.0,0.0,0.0,0.0,0.0,0.75,8.0,20.0,0.0,0.0,0.0,0.0,0.0,0.0,2.0,5.0,0.0,0.0,0.0,24.0,0.0,0.0,0.0,0.0,0.0,0.0,0.0,0.0,0.0,0.0,60.0,0.0,120.0,2.0,0.0,2.0,2.0,0.0,0.0
effect-84,863d7ab54ad6f91a865ee05cc0111a6fb08e03cf,3f697be05876bb4b3213fa06eb0d1ea3af2f5da6,com.netflix.hystrix.HystrixCommandTest.testExecutionHookSemaphoreRejectedUnsuccessfulFallback,['LongMethod'],hystrix,0.0,0.0,0.0,0.0,0.0,0.0,0.0,1.0,3.0,2.0,0.0,0.0,0.0,0.0,0.0,0.0,2.0,1.0,0.0,0.0,0.0,23.0,0.0,0.0,0.0,0.0,0.0,0.0,0.0,0.0,0.0,0.0,42.0,0.0,42.0,1.0,0.0,1.0,1.0,0.0,0.0
effect-178,8ba858a87ce7c0732fa7d82abb410f9d7c596291,5a5202bdf88929d31fbdb117340cb2cbe094851c,com.netflix.hystrix.contrib.servopublisher.HystrixServoMetricsPublisherCommand.getRollingNumberTypeFromEventType([HystrixEventType]),['LongMethod'],hystrix,0.0,0.0,0.0,0.0,1.0,2.0,0.0,0.0,0.0,18.0,0.0,0.0,0.0,0.0,0.0,0.0,0.0,0.0,0.0,0.0,0.0,33.0,0.0,0.0,1.0,0.0,0.0,0.0,0.0,0.0,0.0,0.0,36.0,0.0,0.0,0.0,0.0,0.0,1.0,0.0,0.0
effect-156,86c37f10de377006b7361813155dcced297cd45c,757c3895b3ac30e81bceae7ba19d6ed6cea50eef,com.netflix.hystrix.metric.HystrixCommandEventStreamTest.multipleSingleThreadedRequests,['LongMethod'],hystrix,0.0,0.0,0.0,0.0,1.0,1.0,0.0,0.3333333432674408,6.0,5.0,0.0,0.0,0.0,0.0,0.0,0.0,2.0,2.0,0.0,0.0,0.0,19.0,0.0,0.0,0.0,0.0,0.0,0.0,0.0,0.0,0.0,0.0,40.0,0.0,0.0,0.0,0.0,0.0,0.0,0.0,1.0
effect-85,863d7ab54ad6f91a865ee05cc0111a6fb08e03cf,3f697be05876bb4b3213fa06eb0d1ea3af2f5da6,com.netflix.hystrix.HystrixObservableCommandTest.testExecutionHookThreadTimeoutUnsuccessfulFallbackRunSuccess,['LongMethod'],hystrix,0.0,0.0,0.0,0.0,0.0,0.0,0.0,1.0,1.0,2.0,0.0,0.0,0.0,0.0,0.0,0.0,2.0,1.0,0.0,0.0,0.0,21.0,0.0,0.0,0.0,0.0,0.0,0.0,0.0,0.0,0.0,0.0,33.0,0.0,33.0,1.0,0.0,1.0,1.0,0.0,0.0
effect-84,7b54e5f3c6a0604a9dd7419534e86b7e534f66af,bd40f20464c17602eab0c843f54dd7954cdbf8b9,com.netflix.hystrix.HystrixCommandTest.testRejectedThreadWithFallbackFailure,['LongMethod'],hystrix,0.0,0.0,0.0,0.0,0.0,0.0,0.0,0.625,8.0,6.0,0.0,0.0,0.0,0.0,0.0,0.0,3.0,2.0,0.0,0.0,0.0,16.0,0.0,0.0,0.0,0.0,0.0,0.0,0.0,0.0,0.0,0.0,42.0,0.0,126.0,3.0,1.0,3.0,0.0,0.0,0.0
effect-84,04ce80153924dacaed3e4bb8ee8fa6634e58231d,8e50980bc40e246bc3ee0996f0c3be675a640d8a,com.netflix.hystrix.HystrixCommandTest.testRejectedThreadWithFallbackFailure,['LongMethod'],hystrix,0.0,0.0,0.0,0.0,0.0,0.0,0.0,0.625,8.0,6.0,0.0,0.0,0.0,0.0,0.0,0.0,3.0,2.0,0.0,0.0,0.0,16.0,0.0,0.0,0.0,0.0,0.0,0.0,0.0,0.0,0.0,0.0,42.0,0.0,126.0,3.0,1.0,3.0,0.0,0.0,0.0
effect-85,863d7ab54ad6f91a865ee05cc0111a6fb08e03cf,3f697be05876bb4b3213fa06eb0d1ea3af2f5da6,com.netflix.hystrix.HystrixObservableCommandTest.testExecutionHookSemaphoreRejectedSuccessfulFallback,['LongMethod'],hystrix,0.0,0.0,0.0,0.0,0.0,0.0,0.0,1.0,3.0,2.0,0.0,0.0,0.0,0.0,0.0,0.0,2.0,1.0,0.0,0.0,0.0,22.0,0.0,0.0,0.0,0.0,0.0,0.0,0.0,0.0,0.0,0.0,40.0,0.0,40.0,1.0,0.0,1.0,1.0,0.0,0.0
effect-85,863d7ab54ad6f91a865ee05cc0111a6fb08e03cf,3f697be05876bb4b3213fa06eb0d1ea3af2f5da6,com.netflix.hystrix.HystrixObservableCommandTest.testExecutionHookThreadPoolQueueFullUnsuccessfulFallback,['LongMethod'],hystrix,0.0,0.0,0.0,0.0,0.0,0.0,0.0,1.0,2.0,2.0,0.0,0.0,0.0,0.0,0.0,0.0,2.0,1.0,0.0,0.0,0.0,21.0,0.0,0.0,0.0,0.0,0.0,0.0,0.0,0.0,0.0,0.0,31.0,0.0,31.0,1.0,1.0,1.0,0.0,0.0,0.0
effect-85,863d7ab54ad6f91a865ee05cc0111a6fb08e03cf,3f697be05876bb4b3213fa06eb0d1ea3af2f5da6,com.netflix.hystrix.HystrixObservableCommandTest.testExecutionHookThreadPoolQueueFullNoFallback,['LongMethod'],hystrix,0.0,0.0,0.0,0.0,0.0,0.0,0.0,1.0,2.0,2.0,0.0,0.0,0.0,0.0,0.0,0.0,2.0,1.0,0.0,0.0,0.0,21.0,0.0,0.0,0.0,0.0,0.0,0.0,0.0,0.0,0.0,0.0,31.0,0.0,31.0,1.0,1.0,1.0,0.0,0.0,0.0
effect-156,86c37f10de377006b7361813155dcced297cd45c,757c3895b3ac30e81bceae7ba19d6ed6cea50eef,com.netflix.hystrix.metric.HystrixCommandEventStreamTest.multipleMultiThreadedRequests,['LongMethod'],hystrix,0.0,0.0,0.0,0.0,1.0,1.0,0.0,0.3333333432674408,6.0,5.0,0.0,0.0,0.0,0.0,0.0,0.0,2.0,2.0,0.0,0.0,0.0,25.0,0.0,0.0,0.0,0.0,0.0,0.0,0.0,0.0,0.0,0.0,60.0,0.0,0.0,0.0,0.0,0.0,0.0,0.0,1.0
effect-143,d236d081c41e1be35fef158b84c369a2869de450,3e5cdea525884fc6f1d0895dac881cc999c243e5,co.paralleluniverse.galaxy.example.migration.Main.main([String[]]),['LongMethod'],quasar,0.0,0.0,0.0,0.0,0.0,0.0,0.0,0.5714285969734192,7.0,5.0,0.0,0.0,0.0,0.0,0.0,0.0,2.0,3.0,0.0,0.0,0.0,9.0,0.0,0.0,1.0,0.0,0.0,0.0,0.0,0.0,0.0,0.0,33.0,0.0,33.0,1.0,0.0,1.0,1.0,0.0,1.0
